well_id,well_name,field,production_status,oil_rate_bopd,last_updated,base_rate_bopd,decline_rate,well_age_days,reservoir_quality,stability_factor,cluster_id,shutdown_group_id,campaign_id,assigned_team,event_type,event_scope,rig_required,workover_flag,stripping_required,rig_shutdown_duration_category
1,ANDR-710,Ain Dar,On Production,482,2026-03-24,877,2.5,6572,6,9,CL-077,,,,,,,,,
2,ANDR-1321,Ain Dar,Shut-in,0,2026-03-16,894,2.21,6802,9,9,CL-032,,,,,,,,,extended
3,ANDR-1118,Ain Dar,On Production,1049,2026-03-07,1297,2.09,1005,8,9,CL-029,SG-002,CAM-001,Team-B,Preventive Maintenance,Sector North,,,,
4,ANDR-1260,Ain Dar,Shut-in,0,2026-03-13,878,1.23,3665,7,9,CL-075,SG-002,CAM-001,Team-C,Preventive Maintenance,Sector North,,,,short
5,ANDR-632,Ain Dar,On Production,574,2026-03-14,852,1.67,4208,9,8,CL-035,SG-003,CAM-002,Team-D,Network Optimization,Cluster 3-5,,,,
6,ANDR-1759,Ain Dar,On Production,618,2026-03-24,974,2.03,3355,7,9,CL-065,SG-002,CAM-001,Team-A,Preventive Maintenance,Sector North,,,,
7,ANDR-780,Ain Dar,On Production,633,2026-03-16,997,1.95,6833,8,8,,,,,,,,,,
8,ANDR-968,Ain Dar,Shut-in,0,2026-03-12,907,1.89,4093,6,9,CL-020,SG-003,CAM-002,Team-F,Network Optimization,Cluster 3-5,,,,short
9,ANDR-1519,Ain Dar,Testing,1111,2026-03-14,1152,1.72,741,9,8,CL-076,,,,,,,,,
10,ANDR-512,Ain Dar,Shut-in,0,2026-03-18,661,1.81,7058,6,9,CL-015,,,,,,,,,extended
11,ANDR-530,Ain Dar,Testing,1142,2026-03-05,1227,2.88,876,7,9,CL-063,,,,,,,,,
12,ANDR-866,Ain Dar,Mothball,0,2026-03-07,1195,1.91,1120,9,9,,,,,,,,,,
13,ANDR-682,Ain Dar,Standby,0,2026-03-26,963,2.6,6381,6,8,,SG-004,CAM-003,Team-H,Pressure Management,ABQQ Field,,,,
14,ANDR-953,Ain Dar,On Production,1145,2026-03-26,1205,2.06,870,6,8,CL-074,,,,,,,,,
15,ANDR-540,Ain Dar,On Production,354,2026-03-16,565,2.81,4828,8,4,CL-061,,,,,,,,,
16,ANDR-1476,Ain Dar,On Production,647,2026-03-21,978,1.88,5786,6,9,CL-040,SG-001,CAM-001,Team-C,Preventive Maintenance,Sector North,,,,
17,ANDR-1523,Ain Dar,On Production,379,2026-03-10,779,1.89,5227,9,8,CL-015,SG-008,CAM-006,Team-K,Workover Campaign,Mature Wells,,yes,yes,
18,ANDR-1815,Ain Dar,On Production,776,2026-03-14,918,1.12,4893,9,9,CL-033,SG-002,CAM-001,Team-A,Preventive Maintenance,Sector North,,,,
19,ANDR-627,Ain Dar,On Production,792,2026-04-02,888,1.01,3892,9,7,CL-004,,,,,,,,,
20,ANDR-1769,Ain Dar,Shut-in,0,2026-03-14,468,1.13,4246,6,4,CL-077,SG-006,CAM-004,Team-I,Emergency Response,Critical Wells,,,,
21,ANDR-925,Ain Dar,Shut-in,0,2026-03-31,893,1.36,3554,9,9,CL-049,SG-002,CAM-001,Team-B,Preventive Maintenance,Sector North,,,,extended
22,ANDR-350,Ain Dar,On Production,440,2026-03-16,1189,2.83,886,7,9,CL-073,SG-003,CAM-002,Team-F,Network Optimization,Cluster 3-5,,,,
23,ANDR-1074,Ain Dar,On Production,1190,2026-03-22,1230,1.7,682,7,9,,,,,,,,,,
24,ANDR-1589,Ain Dar,On Production,644,2026-03-13,975,2.51,4222,9,9,CL-056,SG-003,CAM-002,Team-F,Network Optimization,Cluster 3-5,,,,
25,ANDR-1506,Ain Dar,On Production,1094,2026-03-28,1264,1.5,854,7,9,CL-047,SG-001,CAM-001,Team-A,Preventive Maintenance,Sector North,,,,
26,ANDR-804,Ain Dar,On Production,498,2026-03-07,787,2.45,5462,9,7,CL-059,,,,,,,,,
27,ANDR-1788,Ain Dar,On Production,1086,2026-03-11,1222,2.87,1410,7,8,CL-002,,,,,,,,,
28,ANDR-280,Ain Dar,Testing,523,2026-03-05,860,2.19,4828,6,7,,SG-001,CAM-001,Team-C,Preventive Maintenance,Sector North,,,,
29,ANDR-1475,Ain Dar,Shut-in,0,2026-03-18,910,1.47,3889,8,7,CL-015,,,,,,,,,extended
30,ANDR-236,Ain Dar,Testing,226,2026-03-21,446,2.83,6359,8,7,CL-064,,,,,,,,,
31,ANDR-1572,Ain Dar,Mothball,0,2026-03-16,647,2.75,7704,8,7,,,,,,,,,,
32,ANDR-873,Ain Dar,Shut-in,0,2026-03-16,1155,2.11,1105,9,9,CL-067,,,,,,,,,short
33,ANDR-1913,Ain Dar,On Production,1049,2026-03-22,1109,1.69,1158,9,9,,,,,,,,,,
34,ANDR-1561,Ain Dar,On Production,761,2026-03-07,911,1.6,3753,7,9,CL-021,,,,,,,,,
35,ANDR-982,Ain Dar,On Production,187,2026-03-21,660,2.42,6896,9,7,,,,,,,,,,
36,ANDR-353,Ain Dar,Shut-in,0,2026-03-11,593,2.11,4549,8,6,CL-019,SG-007,CAM-005,Team-J,Rig Mobilization,High-Value Wells,yes,yes,yes,
37,ANDR-1496,Ain Dar,Shut-in,0,2026-03-15,640,2.29,6842,7,7,,SG-008,CAM-006,Team-K,Workover Campaign,Mature Wells,,yes,no,
38,ANDR-550,Ain Dar,Standby,0,2026-04-02,610,1.75,7477,7,5,CL-033,,,,,,,,,
39,ANDR-1240,Ain Dar,On Production,636,2026-03-25,970,2.18,5750,7,9,CL-057,,,,,,,,,
40,ANDR-653,Ain Dar,Shut-in,0,2026-04-02,573,1.67,7919,7,3,CL-007,,,,,,,,,
41,ANDR-336,Ain Dar,Shut-in,0,2026-03-23,994,1.23,6089,7,9,,SG-004,CAM-003,Team-H,Pressure Management,ABQQ Field,,,,
42,ANDR-1723,Ain Dar,On Production,1139,2026-04-02,1179,1.48,829,9,9,CL-052,,,,,,,,,
43,ANDR-438,Ain Dar,Shut-in,0,2026-03-21,706,1.72,6071,9,9,CL-020,SG-006,CAM-004,Team-I,Emergency Response,Critical Wells,,,,medium
44,ANDR-311,Ain Dar,Mothball,0,2026-03-09,693,2.61,7959,7,9,,,,,,,,,,
45,ANDR-888,Ain Dar,On Production,664,2026-03-05,905,1.83,5304,6,8,,,,,,,,,,
46,ANDR-1877,Ain Dar,Locked Potential,0,2026-03-07,889,2.87,5372,7,9,CL-035,,,,,,,,,
47,ANDR-1389,Ain Dar,On Production,666,2026-04-04,879,1.46,5333,8,9,CL-057,SG-001,CAM-001,Team-C,Preventive Maintenance,Sector North,,,,
48,ANDR-1305,Ain Dar,On Production,171,2026-03-08,451,2.64,7958,7,7,CL-062,SG-001,CAM-001,Team-C,Preventive Maintenance,Sector North,,,,
49,ANDR-1855,Ain Dar,Shut-in,0,2026-03-22,746,1.7,5573,6,8,,SG-003,CAM-002,Team-F,Network Optimization,Cluster 3-5,,,,
50,ANDR-852,Ain Dar,Shut-in,0,2026-03-10,704,2.68,5304,9,5,,SG-007,CAM-005,Team-J,Rig Mobilization,High-Value Wells,yes,yes,yes,
51,ANDR-1225,Ain Dar,Mothball,0,2026-03-20,870,2.26,3278,7,8,,,,,,,,,,
52,ANDR-546,Ain Dar,Mothball,0,2026-03-20,925,1.75,5530,6,9,,,,,,,,,,
53,ANDR-444,Ain Dar,On Production,615,2026-03-12,850,2.1,3048,8,8,,,,,,,,,,
54,ANDR-578,Ain Dar,On Production,498,2026-03-16,852,2.63,5760,6,9,CL-012,,,,,,,,,
55,ANDR-503,Ain Dar,On Production,765,2026-03-14,987,2.05,3987,8,9,CL-023,,,,,,,,,
56,ANDR-758,Ain Dar,Shut-in,0,2026-03-22,1153,1.79,882,7,9,CL-017,,,,,,,,,
57,ANDR-572,Ain Dar,On Production,768,2026-04-03,998,1.45,5801,6,7,CL-044,,,,,,,,,
58,ANDR-435,Ain Dar,On Production,617,2026-03-21,1181,1.75,987,7,8,CL-022,SG-004,CAM-003,Team-H,Pressure Management,ABQQ Field,,,,
59,ANDR-879,Ain Dar,On Production,105,2026-03-27,416,2.69,6641,6,7,CL-022,,,,,,,,,
60,ANDR-1851,Ain Dar,Shut-in,0,2026-03-22,984,2.84,3941,8,9,CL-052,SG-002,CAM-001,Team-A,Preventive Maintenance,Sector North,,,,
61,ANDR-183,Ain Dar,On Production,491,2026-04-04,609,1.15,6148,8,5,CL-029,,,,,,,,,
62,ANDR-1053,Ain Dar,Testing,331,2026-03-28,403,1.41,4590,8,6,CL-070,,,,,,,,,
63,ANDR-1799,Ain Dar,Shut-in,0,2026-03-11,632,1.48,6593,7,8,CL-073,SG-006,CAM-004,Team-I,Emergency Response,Critical Wells,,,,
64,ANDR-120,Ain Dar,On Production,495,2026-03-28,758,2.38,5321,6,7,,,,,,,,,,
65,ANDR-785,Ain Dar,On Production,619,2026-03-17,915,2.68,4395,6,9,CL-051,,,,,,,,,
66,ANDR-1785,Ain Dar,On Production,331,2026-03-30,945,2.57,4845,8,9,,SG-005,CAM-003,Team-H,Pressure Management,ABQQ Field,,,,
67,ANDR-1986,Ain Dar,On Production,763,2026-03-11,932,1.75,3760,8,9,CL-036,,,,,,,,,
68,ANDR-1987,Ain Dar,On Production,489,2026-04-01,759,2.43,5336,9,7,CL-085,,,,,,,,,
69,ANDR-1951,Ain Dar,On Production,1144,2026-03-17,1242,2.27,1257,8,9,,,,,,,,,,
70,ANDR-1981,Ain Dar,Shut-in,0,2026-03-23,1121,1.01,815,8,9,CL-050,,,,,,,,,short
71,ANDR-832,Ain Dar,On Production,276,2026-04-02,420,1.17,5765,9,8,CL-016,SG-003,CAM-002,Team-D,Network Optimization,Cluster 3-5,,,,
72,ANDR-1850,Ain Dar,On Production,717,2026-04-01,865,1.18,5270,9,8,CL-061,,,,,,,,,
73,ANDR-1308,Ain Dar,On Production,440,2026-03-10,602,1.83,5346,7,8,CL-010,,,,,,,,,
74,ANDR-1801,Ain Dar,On Production,436,2026-03-24,537,1.34,5101,9,6,CL-025,,,,,,,,,
75,ANDR-777,Ain Dar,On Production,488,2026-04-02,629,1.33,6130,9,9,CL-042,,,,,,,,,
76,ANDR-449,Ain Dar,Testing,602,2026-03-08,1256,1.72,1466,7,9,CL-016,SG-003,CAM-002,Team-D,Network Optimization,Cluster 3-5,,,,
77,ANDR-601,Ain Dar,On Production,122,2026-03-22,491,1.27,4027,9,7,CL-065,SG-001,CAM-001,Team-A,Preventive Maintenance,Sector North,,,,
78,ANDR-1650,Ain Dar,Shut-in,0,2026-03-13,1260,1.66,842,8,9,CL-049,,,,,,,,,extended
79,ANDR-1988,Ain Dar,Testing,216,2026-03-27,664,2.89,5822,7,9,CL-049,SG-008,CAM-006,Team-K,Workover Campaign,Mature Wells,,yes,yes,
80,ANDR-1941,Ain Dar,On Production,202,2026-03-11,994,2.94,4193,8,9,CL-025,SG-003,CAM-002,Team-F,Network Optimization,Cluster 3-5,,,,
81,ANDR-1606,Ain Dar,Shut-in,0,2026-03-27,906,2.63,4609,7,9,,,,,,,,,,
82,ANDR-351,Ain Dar,On Production,397,2026-03-27,718,2.09,7792,9,7,CL-034,,,,,,,,,
83,ANDR-1249,Ain Dar,Standby,0,2026-03-11,991,1.42,6267,9,9,CL-071,,,,,,,,,
84,ANDR-724,Ain Dar,Locked Potential,0,2026-03-14,950,1.28,4240,7,9,,,,,,,,,,
85,ANDR-129,Ain Dar,Shut-in,0,2026-03-08,743,2.58,5302,9,9,CL-036,SG-006,CAM-004,Team-I,Emergency Response,Critical Wells,,,,
86,ANDR-599,Ain Dar,Standby,0,2026-03-29,937,2.07,6782,8,9,,SG-002,CAM-001,Team-B,Preventive Maintenance,Sector North,,,,
87,ANDR-364,Ain Dar,Shut-in,0,2026-03-25,955,2.62,5432,7,7,,SG-006,CAM-004,Team-I,Emergency Response,Critical Wells,,,,
88,ANDR-1282,Ain Dar,On Production,395,2026-04-04,948,1.71,5650,8,8,CL-054,,,,,,,,,
89,ANDR-295,Ain Dar,On Production,589,2026-03-28,793,1.86,5043,7,6,CL-048,,,,,,,,,
90,ANDR-1500,Ain Dar,On Production,412,2026-03-11,702,2.04,7377,8,7,CL-076,,,,,,,,,
91,ANDR-587,Ain Dar,On Production,525,2026-03-21,908,2.54,5410,6,9,CL-071,SG-001,CAM-001,Team-B,Preventive Maintenance,Sector North,,,,
92,ANDR-1095,Ain Dar,Shut-in,0,2026-03-28,496,1.59,7770,7,3,CL-025,SG-006,CAM-004,Team-I,Emergency Response,Critical Wells,,,,
93,ANDR-349,Ain Dar,On Production,487,2026-03-14,669,1.69,5847,9,9,CL-033,,,,,,,,,
94,ANDR-1484,Ain Dar,On Production,182,2026-03-19,419,2.44,5853,8,5,CL-039,SG-004,CAM-003,Team-H,Pressure Management,ABQQ Field,,,,
95,ANDR-863,Ain Dar,Shut-in,0,2026-03-25,408,2.42,4092,6,7,CL-058,,,,,,,,,short
96,ANDR-564,Ain Dar,Shut-in,0,2026-03-26,535,1.33,7033,7,6,CL-019,SG-002,CAM-001,Team-C,Preventive Maintenance,Sector North,,,,short
97,ANDR-223,Ain Dar,Locked Potential,0,2026-03-12,1210,1.66,936,9,9,,,,,,,,,,
98,ANDR-222,Ain Dar,Testing,430,2026-03-18,725,1.37,7692,6,9,CL-026,SG-004,CAM-003,Team-H,Pressure Management,ABQQ Field,,,,
99,ANDR-1706,Ain Dar,Testing,987,2026-03-29,1247,2.77,960,6,9,CL-007,SG-002,CAM-001,Team-C,Preventive Maintenance,Sector North,,,,
100,ANDR-595,Ain Dar,On Production,514,2026-03-12,740,1.41,7882,6,7,CL-064,,,,,,,,,
101,ANDR-1778,Ain Dar,On Production,721,2026-03-16,969,2.07,4498,9,9,CL-073,,,,,,,,,
102,ANDR-202,Ain Dar,Shut-in,0,2026-03-09,867,2.34,5004,9,9,,SG-005,CAM-003,Team-H,Pressure Management,ABQQ Field,,,,
103,ANDR-332,Ain Dar,Shut-in,0,2026-03-30,1217,1.7,1365,8,9,CL-084,SG-006,CAM-004,Team-I,Emergency Response,Critical Wells,,,,
104,ANDR-825,Ain Dar,On Production,221,2026-03-31,987,2.18,5752,6,9,CL-063,SG-005,CAM-003,Team-H,Pressure Management,ABQQ Field,,,,
105,ANDR-155,Ain Dar,Shut-in,0,2026-03-18,885,1.23,4529,9,9,CL-025,SG-006,CAM-004,Team-I,Emergency Response,Critical Wells,,,,
106,ANDR-229,Ain Dar,Mothball,0,2026-03-15,939,2.15,4732,7,9,,,,,,,,,,
107,ANDR-1502,Ain Dar,Shut-in,0,2026-04-01,933,1.98,3574,9,9,CL-015,,,,,,,,,extended
108,ANDR-1587,Ain Dar,On Production,444,2026-03-20,942,2.73,6898,7,8,CL-048,SG-001,CAM-001,Team-B,Preventive Maintenance,Sector North,,,,
109,ANDR-448,Ain Dar,Shut-in,0,2026-03-30,1139,1.77,1075,9,9,CL-032,,,,,,,,,extended
110,ANDR-1258,Ain Dar,On Production,331,2026-04-01,683,2.68,7001,6,6,CL-062,,,,,,,,,
111,ANDR-1410,Ain Dar,Mothball,0,2026-03-20,1259,1.44,533,8,9,,,,,,,,,,
112,ANDR-744,Ain Dar,Shut-in,0,2026-04-03,1133,1.91,1260,6,9,CL-037,SG-007,CAM-005,Team-J,Rig Mobilization,High-Value Wells,yes,yes,yes,
113,ANDR-930,Ain Dar,On Production,660,2026-03-05,890,2.09,4502,7,8,CL-085,,,,,,,,,
114,ANDR-354,Ain Dar,Locked Potential,0,2026-04-01,1297,1.2,1349,6,9,,,,,,,,,,
115,ANDR-1426,Ain Dar,Testing,264,2026-03-16,489,1.7,7345,6,4,CL-056,SG-001,CAM-001,Team-A,Preventive Maintenance,Sector North,,,,
116,ANDR-1231,Ain Dar,On Production,720,2026-03-23,966,1.47,6320,7,9,CL-039,,,,,,,,,
117,ANDR-553,Ain Dar,Shut-in,0,2026-03-08,723,2.57,5847,8,7,CL-068,SG-006,CAM-004,Team-I,Emergency Response,Critical Wells,,,,
118,ANDR-1439,Ain Dar,On Production,723,2026-03-17,929,2.19,3689,8,9,CL-046,,,,,,,,,
119,ANDR-1624,Ain Dar,Mothball,0,2026-03-05,935,2.9,5107,9,7,,,,,,,,,,
120,ANDR-1970,Ain Dar,On Production,223,2026-03-15,583,2.98,7551,7,6,CL-027,,,,,,,,,
121,ANDR-776,Ain Dar,On Production,511,2026-03-30,887,2.42,6393,9,9,,,,,,,,,,
122,ANDR-665,Ain Dar,On Production,1048,2026-03-30,1128,2.26,1142,9,9,CL-085,,,,,,,,,
123,ANDR-561,Ain Dar,On Production,1013,2026-03-26,1115,2.59,1287,8,9,CL-046,,,,,,,,,
124,ANDR-395,Ain Dar,On Production,604,2026-03-13,954,2.75,4862,6,9,CL-006,,,,,,,,,
125,ANDR-1072,Ain Dar,On Production,1030,2026-03-06,1273,2.69,595,6,9,CL-042,SG-005,CAM-003,Team-H,Pressure Management,ABQQ Field,,,,
126,ANDR-910,Ain Dar,Testing,506,2026-03-17,759,1.8,6759,8,7,CL-035,,,,,,,,,
127,ANDR-1956,Ain Dar,Shut-in,0,2026-03-29,1164,1.57,1060,8,9,,SG-003,CAM-002,Team-D,Network Optimization,Cluster 3-5,,,,
128,ANDR-657,Ain Dar,Testing,767,2026-03-15,984,2.52,3188,6,8,,,,,,,,,,
129,ANDR-372,Ain Dar,Testing,557,2026-04-02,868,2.72,4807,9,9,,,,,,,,,,
130,ANDR-911,Ain Dar,Shut-in,0,2026-03-16,440,2.38,4540,8,5,CL-014,,,,,,,,,extended
131,ANDR-1582,Ain Dar,On Production,328,2026-03-21,618,1.72,5337,7,9,CL-060,SG-004,CAM-003,Team-H,Pressure Management,ABQQ Field,,,,
132,ANDR-805,Ain Dar,On Production,1024,2026-03-13,1110,2.25,1243,6,9,CL-051,,,,,,,,,
133,ANDR-378,Ain Dar,On Production,1206,2026-03-18,1240,1.0,988,7,8,CL-054,,,,,,,,,
134,ANDR-182,Ain Dar,On Production,558,2026-03-07,927,1.89,3033,9,9,CL-011,SG-004,CAM-003,Team-H,Pressure Management,ABQQ Field,,,,
135,ANDR-430,Ain Dar,Standby,0,2026-03-16,738,1.96,5937,6,8,,,,,,,,,,
136,ANDR-193,Ain Dar,Mothball,0,2026-03-28,420,1.74,5225,7,5,,,,,,,,,,
137,ANDR-1856,Ain Dar,On Production,373,2026-03-17,728,2.35,5280,7,7,CL-007,SG-005,CAM-003,Team-G,Pressure Management,ABQQ Field,,,,
138,ANDR-1783,Ain Dar,Locked Potential,0,2026-03-14,688,2.44,7572,9,7,,,,,,,,,,
139,ANDR-1590,Ain Dar,On Production,720,2026-03-11,978,1.17,3411,9,8,CL-047,SG-003,CAM-002,Team-E,Network Optimization,Cluster 3-5,,,,
140,ANDR-1481,Ain Dar,On Production,296,2026-03-15,470,1.86,7240,8,4,,,,,,,,,,
141,ANDR-384,Ain Dar,On Production,733,2026-03-17,946,1.5,5461,8,9,CL-005,,,,,,,,,
142,ANDR-933,Ain Dar,On Production,1093,2026-04-02,1141,2.21,693,6,9,CL-046,,,,,,,,,
143,ANDR-518,Ain Dar,On Production,435,2026-03-25,756,2.59,5980,6,9,CL-079,,,,,,,,,
144,ANDR-1878,Ain Dar,On Production,340,2026-03-25,648,2.28,5290,8,6,,SG-008,CAM-006,Team-K,Workover Campaign,Mature Wells,,yes,yes,
145,ANDR-607,Ain Dar,Shut-in,0,2026-03-26,869,2.72,5328,7,9,,,,,,,,,,
146,ANDR-1563,Ain Dar,Shut-in,0,2026-04-03,964,2.91,6155,6,7,,,,,,,,,,
147,ANDR-422,Ain Dar,On Production,625,2026-03-25,852,1.43,6778,8,8,CL-069,,,,,,,,,
148,ANDR-891,Ain Dar,On Production,324,2026-03-08,525,2.0,5701,9,8,CL-043,SG-003,CAM-002,Team-E,Network Optimization,Cluster 3-5,,,,
149,ANDR-101,Ain Dar,On Production,255,2026-03-21,616,2.07,7523,6,7,,,,,,,,,,
150,ANDR-292,Ain Dar,On Production,447,2026-03-24,661,2.02,5832,8,8,CL-060,,,,,,,,,
151,ANDR-1510,Ain Dar,On Production,545,2026-03-11,908,2.27,6418,9,8,CL-038,,,,,,,,,
152,ANDR-373,Ain Dar,On Production,654,2026-03-31,959,2.69,3237,9,8,CL-065,SG-002,CAM-001,Team-C,Preventive Maintenance,Sector North,,,,
153,ANDR-1448,Ain Dar,Shut-in,0,2026-04-01,867,2.22,3225,6,9,CL-004,SG-003,CAM-002,Team-F,Network Optimization,Cluster 3-5,,,,
154,ANDR-745,Ain Dar,Shut-in,0,2026-03-16,851,1.27,3046,8,9,,SG-002,CAM-001,Team-A,Preventive Maintenance,Sector North,,,,
155,ANDR-1726,Ain Dar,Standby,0,2026-03-30,928,2.57,5952,8,9,,,,,,,,,,
156,ANDR-114,Ain Dar,Mothball,0,2026-03-18,1125,2.56,775,8,8,,,,,,,,,,
157,ANDR-330,Ain Dar,On Production,498,2026-03-21,971,1.54,3261,9,9,,SG-001,CAM-001,Team-C,Preventive Maintenance,Sector North,,,,
158,ANDR-1663,Ain Dar,On Production,1134,2026-03-20,1191,1.72,1011,7,9,CL-070,,,,,,,,,
159,ANDR-1298,Ain Dar,On Production,284,2026-03-13,451,1.21,6350,6,3,CL-038,SG-005,CAM-003,Team-H,Pressure Management,ABQQ Field,,,,
160,ANDR-954,Ain Dar,On Production,522,2026-03-20,856,2.73,4001,8,8,CL-056,SG-003,CAM-002,Team-D,Network Optimization,Cluster 3-5,,,,
161,ANDR-664,Ain Dar,Shut-in,0,2026-03-31,676,1.3,5144,8,8,,,,,,,,,,
162,ANDR-713,Ain Dar,On Production,264,2026-03-12,449,2.83,5310,8,5,CL-013,,,,,,,,,
163,ANDR-1884,Ain Dar,On Production,413,2026-03-27,623,2.35,5215,6,6,CL-080,,,,,,,,,
164,ANDR-1874,Ain Dar,On Production,619,2026-03-25,790,1.14,6905,8,8,CL-051,,,,,,,,,
165,ANDR-102,Ain Dar,Shut-in,0,2026-03-12,862,1.91,4511,8,9,CL-028,SG-005,CAM-003,Team-H,Pressure Management,ABQQ Field,,,,extended
166,ANDR-701,Ain Dar,On Production,783,2026-03-14,960,1.49,4508,7,9,CL-005,,,,,,,,,
167,ANDR-252,Ain Dar,On Production,660,2026-03-18,872,2.86,3097,6,9,,,,,,,,,,
168,ANDR-440,Ain Dar,Standby,0,2026-03-18,790,1.0,7692,8,9,,SG-002,CAM-001,Team-A,Preventive Maintenance,Sector North,,,,
169,ANDR-1386,Ain Dar,Shut-in,0,2026-03-21,1120,2.06,743,6,9,,,,,,,,,,
170,ANDR-1890,Ain Dar,On Production,1258,2026-03-13,1294,1.28,786,7,8,CL-062,,,,,,,,,
171,ANDR-492,Ain Dar,Standby,0,2026-03-28,579,2.04,6870,6,6,CL-057,,,,,,,,,
172,ANDR-1420,Ain Dar,Mothball,0,2026-04-03,937,2.01,5610,6,9,,,,,,,,,,
173,ANDR-584,Ain Dar,Shut-in,0,2026-03-13,686,2.93,5969,8,8,,,,,,,,,,
174,ANDR-1390,Ain Dar,On Production,292,2026-03-14,585,1.79,7407,9,6,CL-059,,,,,,,,,
175,ANDR-1667,Ain Dar,On Production,481,2026-03-20,654,1.15,5830,6,8,CL-078,SG-001,CAM-001,Team-A,Preventive Maintenance,Sector North,,,,
176,ANDR-1129,Ain Dar,Standby,0,2026-03-19,1131,1.33,977,6,9,,,,,,,,,,
177,ANDR-1339,Ain Dar,On Production,159,2026-03-08,507,2.93,4850,9,7,,SG-005,CAM-003,Team-H,Pressure Management,ABQQ Field,,,,
178,ANDR-1102,Ain Dar,Shut-in,0,2026-03-19,1153,1.24,661,7,9,,SG-002,CAM-001,Team-B,Preventive Maintenance,Sector North,,,,
179,ANDR-1015,Ain Dar,Shut-in,0,2026-03-22,767,1.66,5373,9,7,CL-018,SG-009,CAM-006,Team-K,Workover Campaign,Mature Wells,,yes,yes,medium
180,ANDR-1993,Ain Dar,On Production,597,2026-04-02,927,2.35,4065,9,8,CL-036,SG-002,CAM-001,Team-C,Preventive Maintenance,Sector North,,,,
181,ANDR-371,Ain Dar,On Production,681,2026-03-16,978,2.11,5253,9,8,CL-063,,,,,,,,,
182,ANDR-1665,Ain Dar,On Production,378,2026-03-08,620,2.59,5497,7,5,CL-071,,,,,,,,,
183,ANDR-790,Ain Dar,On Production,583,2026-03-23,869,2.65,4524,6,8,,,,,,,,,,
184,ANDR-1641,Ain Dar,Shut-in,0,2026-03-08,853,1.13,6696,6,9,CL-037,,,,,,,,,medium
185,ANDR-732,Ain Dar,Shut-in,0,2026-04-02,781,2.66,6358,9,5,,SG-008,CAM-006,Team-K,Workover Campaign,Mature Wells,,yes,no,
186,ANDR-800,Ain Dar,Locked Potential,0,2026-03-06,857,2.85,4774,6,9,,,,,,,,,,
187,ANDR-1444,Ain Dar,Testing,702,2026-03-11,907,1.85,4449,8,8,CL-063,,,,,,,,,
188,ANDR-1893,Ain Dar,Shut-in,0,2026-03-21,891,2.77,3141,9,9,CL-036,SG-002,CAM-001,Team-A,Preventive Maintenance,Sector North,,,,
189,ANDR-406,Ain Dar,On Production,476,2026-04-03,682,2.1,5249,9,6,CL-055,,,,,,,,,
190,ANDR-157,Ain Dar,On Production,454,2026-03-24,627,1.4,7153,6,8,CL-074,,,,,,,,,
191,ANDR-249,Ain Dar,On Production,434,2026-03-19,998,2.56,4470,8,9,CL-027,SG-001,CAM-001,Team-A,Preventive Maintenance,Sector North,,,,
192,ANDR-798,Ain Dar,On Production,315,2026-03-30,582,2.0,5590,6,5,CL-051,,,,,,,,,
193,ANDR-1634,Ain Dar,On Production,277,2026-03-20,663,1.44,6150,8,6,CL-062,,,,,,,,,
194,ANDR-1146,Ain Dar,Testing,73,2026-03-21,553,3.0,7989,7,4,CL-076,SG-003,CAM-002,Team-F,Network Optimization,Cluster 3-5,,,,
195,ANDR-1470,Ain Dar,On Production,367,2026-03-14,531,1.53,7343,9,3,CL-055,,,,,,,,,
196,ANDR-923,Ain Dar,On Production,171,2026-03-07,470,2.68,7462,7,4,CL-059,SG-003,CAM-002,Team-F,Network Optimization,Cluster 3-5,,,,
197,ANDR-659,Ain Dar,Shut-in,0,2026-04-02,1218,2.61,1214,8,9,CL-031,,,,,,,,,extended
198,ANDR-453,Ain Dar,Testing,256,2026-03-26,789,2.13,7306,8,7,CL-024,SG-004,CAM-003,Team-H,Pressure Management,ABQQ Field,,,,
199,ANDR-1434,Ain Dar,Shut-in,0,2026-03-21,1135,1.08,557,6,9,CL-032,,,,,,,,,extended
200,ANDR-1203,Ain Dar,On Production,288,2026-03-08,705,1.0,7515,8,6,CL-017,SG-004,CAM-003,Team-G,Pressure Management,ABQQ Field,,,,
201,ANDR-342,Ain Dar,On Production,398,2026-03-17,957,2.84,6458,6,9,CL-059,SG-003,CAM-002,Team-D,Network Optimization,Cluster 3-5,,,,
202,ANDR-402,Ain Dar,Shut-in,0,2026-04-04,872,2.41,3580,6,8,CL-075,SG-007,CAM-005,Team-J,Rig Mobilization,High-Value Wells,yes,yes,yes,
203,ANDR-1674,Ain Dar,Shut-in,0,2026-03-27,1174,2.88,905,8,9,CL-075,SG-007,CAM-005,Team-J,Rig Mobilization,High-Value Wells,yes,yes,yes,
204,ANDR-985,Ain Dar,Shut-in,0,2026-03-14,898,2.95,5999,8,9,,,,,,,,,,
205,ANDR-1996,Ain Dar,On Production,463,2026-03-06,876,2.94,5840,7,9,,,,,,,,,,
206,ANDR-1508,Ain Dar,On Production,648,2026-03-11,906,2.47,4206,6,8,CL-006,,,,,,,,,
207,ANDR-1621,Ain Dar,Shut-in,0,2026-03-10,992,2.9,4603,8,7,,SG-009,CAM-006,Team-K,Workover Campaign,Mature Wells,,yes,no,
208,ANDR-751,Ain Dar,Shut-in,0,2026-03-16,988,2.94,3904,7,8,CL-050,,,,,,,,,short
209,ANDR-1675,Ain Dar,On Production,1134,2026-03-15,1166,1.16,855,6,9,CL-027,,,,,,,,,
210,ANDR-742,Ain Dar,On Production,372,2026-03-26,764,2.34,7987,6,8,CL-043,,,,,,,,,
211,ANDR-1034,Ain Dar,Shut-in,0,2026-03-24,1153,1.5,569,6,9,CL-039,SG-006,CAM-004,Team-I,Emergency Response,Critical Wells,,,,
212,ANDR-1092,Ain Dar,Shut-in,0,2026-03-25,1244,1.1,948,9,9,CL-082,SG-006,CAM-004,Team-I,Emergency Response,Critical Wells,,,,
213,ANDR-1179,Ain Dar,On Production,417,2026-03-31,923,1.76,5236,9,9,CL-023,SG-003,CAM-002,Team-E,Network Optimization,Cluster 3-5,,,,
214,ANDR-1897,Ain Dar,Shut-in,0,2026-03-19,1257,2.16,1276,9,9,CL-020,SG-007,CAM-005,Team-J,Rig Mobilization,High-Value Wells,yes,yes,yes,
215,ANDR-379,Ain Dar,Testing,255,2026-03-27,414,2.69,5207,8,4,CL-033,,,,,,,,,
216,ANDR-1966,Ain Dar,Testing,297,2026-03-05,992,1.15,3696,6,9,CL-080,SG-003,CAM-002,Team-F,Network Optimization,Cluster 3-5,,,,
217,ANDR-1764,Ain Dar,Testing,416,2026-03-10,709,2.8,5381,9,9,CL-082,,,,,,,,,
218,ANDR-177,Ain Dar,On Production,678,2026-03-11,955,1.86,5677,7,9,CL-044,,,,,,,,,
219,ANDR-1880,Ain Dar,On Production,585,2026-03-05,858,1.66,6991,8,9,CL-040,,,,,,,,,
220,ANDR-1570,Ain Dar,On Production,323,2026-04-02,532,1.59,4392,9,4,CL-032,SG-009,CAM-006,Team-K,Workover Campaign,Mature Wells,,yes,no,
221,ANDR-1014,Ain Dar,Testing,510,2026-03-18,873,1.72,4751,9,8,CL-012,SG-005,CAM-003,Team-H,Pressure Management,ABQQ Field,,,,
222,ANDR-477,Ain Dar,On Production,1116,2026-03-17,1139,1.05,674,9,9,CL-066,,,,,,,,,
223,ANDR-753,Ain Dar,On Production,1216,2026-04-01,1268,1.62,907,8,9,CL-084,,,,,,,,,
224,ANDR-1482,Ain Dar,On Production,677,2026-03-16,863,2.09,3757,8,9,CL-034,,,,,,,,,
225,ANDR-1574,Ain Dar,On Production,1104,2026-03-06,1137,1.09,950,7,9,CL-038,,,,,,,,,
226,ANDR-943,Ain Dar,On Production,484,2026-03-06,767,2.13,5619,8,5,CL-047,SG-002,CAM-001,Team-C,Preventive Maintenance,Sector North,,,,
227,ANDR-1664,Ain Dar,Testing,914,2026-04-01,1261,1.83,1274,9,9,CL-013,,,,,,,,,
228,ANDR-138,Ain Dar,On Production,367,2026-03-20,972,1.84,5193,9,9,CL-014,SG-008,CAM-006,Team-K,Workover Campaign,Mature Wells,,yes,yes,
229,ANDR-340,Ain Dar,Testing,497,2026-03-31,894,1.79,6497,6,7,CL-066,SG-003,CAM-002,Team-F,Network Optimization,Cluster 3-5,,,,
230,ANDR-479,Ain Dar,Shut-in,0,2026-03-22,589,1.9,7887,7,4,CL-009,SG-001,CAM-001,Team-C,Preventive Maintenance,Sector North,,,,extended
231,ANDR-1744,Ain Dar,On Production,377,2026-03-07,625,1.85,7798,7,8,CL-082,,,,,,,,,
232,ANDR-201,Ain Dar,Shut-in,0,2026-03-09,1266,1.52,1432,9,8,,SG-004,CAM-003,Team-H,Pressure Management,ABQQ Field,,,,
233,ANDR-517,Ain Dar,Testing,1115,2026-04-03,1211,2.1,1377,6,9,CL-044,,,,,,,,,
234,ANDR-1222,Ain Dar,Locked Potential,0,2026-03-21,967,2.25,5140,9,9,,,,,,,,,,
235,ANDR-341,Ain Dar,Shut-in,0,2026-03-08,629,2.13,7386,6,5,CL-067,,,,,,,,,short
236,ANDR-802,Ain Dar,Shut-in,0,2026-03-18,557,2.73,7605,8,6,CL-072,SG-006,CAM-004,Team-I,Emergency Response,Critical Wells,,,,
237,ANDR-1660,Ain Dar,On Production,402,2026-04-03,676,1.97,7494,7,8,,,,,,,,,,
238,ANDR-294,Ain Dar,On Production,481,2026-03-05,655,1.29,7493,9,8,,,,,,,,,,
239,ANDR-1465,Ain Dar,Shut-in,0,2026-04-02,983,1.66,3973,8,8,,SG-007,CAM-005,Team-J,Rig Mobilization,High-Value Wells,yes,yes,yes,
240,ANDR-1657,Ain Dar,Shut-in,0,2026-04-03,579,1.04,7348,8,6,CL-028,,,,,,,,,extended
241,ANDR-1805,Ain Dar,On Production,440,2026-03-29,976,2.72,5805,7,7,CL-041,SG-003,CAM-002,Team-E,Network Optimization,Cluster 3-5,,,,
242,ANDR-883,Ain Dar,On Production,1057,2026-03-29,1160,2.49,1292,9,9,,,,,,,,,,
243,ANDR-1832,Ain Dar,Standby,0,2026-03-08,720,1.18,6809,9,7,,,,,,,,,,
244,ANDR-892,Ain Dar,On Production,457,2026-03-10,751,2.73,5230,8,6,,,,,,,,,,
245,ANDR-1002,Ain Dar,On Production,662,2026-03-08,956,1.81,6196,7,7,CL-002,,,,,,,,,
246,ANDR-1133,Ain Dar,Standby,0,2026-03-18,981,1.4,3236,9,8,,,,,,,,,,
247,ANDR-278,Ain Dar,Mothball,0,2026-04-01,857,1.72,3815,9,9,,,,,,,,,,
248,ANDR-1026,Ain Dar,Mothball,0,2026-03-31,501,2.27,4507,8,3,,,,,,,,,,
249,ANDR-908,Ain Dar,Shut-in,0,2026-03-10,697,1.89,6943,7,8,,SG-005,CAM-003,Team-G,Pressure Management,ABQQ Field,,,,
250,ANDR-431,Ain Dar,On Production,466,2026-03-30,767,1.52,7821,6,6,CL-081,SG-003,CAM-002,Team-F,Network Optimization,Cluster 3-5,,,,
251,ANDR-1538,Ain Dar,Shut-in,0,2026-03-12,907,1.33,5343,7,8,CL-029,SG-002,CAM-001,Team-C,Preventive Maintenance,Sector North,,,,
252,ANDR-559,Ain Dar,On Production,286,2026-03-19,951,1.54,4677,9,7,CL-079,SG-001,CAM-001,Team-B,Preventive Maintenance,Sector North,,,,
253,ANDR-1462,Ain Dar,Locked Potential,0,2026-03-19,986,2.29,5462,8,7,,,,,,,,,,
254,ANDR-729,Ain Dar,On Production,254,2026-03-12,941,2.89,5919,9,9,CL-001,SG-004,CAM-003,Team-H,Pressure Management,ABQQ Field,,,,
255,ANDR-1887,Ain Dar,On Production,776,2026-03-26,977,1.92,3893,9,9,CL-040,,,,,,,,,
256,ANDR-131,Ain Dar,Shut-in,0,2026-03-20,1216,1.01,1178,8,9,CL-067,SG-007,CAM-005,Team-J,Rig Mobilization,High-Value Wells,yes,yes,yes,
257,ANDR-1436,Ain Dar,On Production,728,2026-03-20,952,1.96,4377,8,9,CL-034,,,,,,,,,
258,ANDR-1454,Ain Dar,On Production,1044,2026-03-07,1152,2.42,1413,7,9,,,,,,,,,,
259,ANDR-722,Ain Dar,Shut-in,0,2026-04-02,503,1.48,4232,8,8,,SG-006,CAM-004,Team-I,Emergency Response,Critical Wells,,,,
260,ANDR-739,Ain Dar,Shut-in,0,2026-03-15,952,2.44,5684,8,9,,,,,,,,,,
261,ANDR-1729,Ain Dar,On Production,421,2026-03-23,781,1.81,5144,7,7,CL-004,SG-003,CAM-002,Team-E,Network Optimization,Cluster 3-5,,,,
262,ANDR-1543,Ain Dar,On Production,337,2026-03-21,537,2.28,5948,8,7,CL-023,,,,,,,,,
263,ANDR-818,Ain Dar,Standby,0,2026-04-01,769,2.68,7286,6,7,,,,,,,,,,
264,ANDR-1666,Ain Dar,Shut-in,0,2026-03-12,694,2.48,7970,8,8,CL-058,SG-003,CAM-002,Team-E,Network Optimization,Cluster 3-5,,,,short
265,ANDR-1440,Ain Dar,Testing,801,2026-03-07,948,1.44,3914,8,9,CL-034,,,,,,,,,
266,ANDR-447,Ain Dar,On Production,641,2026-03-23,905,2.17,4899,6,8,CL-077,,,,,,,,,
267,ANDR-197,Ain Dar,Shut-in,0,2026-03-25,979,2.17,6867,7,8,,,,,,,,,,
268,ANDR-781,Ain Dar,On Production,356,2026-03-24,700,2.73,6563,6,8,CL-069,,,,,,,,,
269,ANDR-1703,Ain Dar,Shut-in,0,2026-03-06,1274,1.3,705,9,9,,,,,,,,,,
270,ANDR-862,Ain Dar,Locked Potential,0,2026-03-12,1128,2.72,684,8,9,,,,,,,,,,
271,ANDR-233,Ain Dar,Standby,0,2026-03-18,526,1.35,6598,9,3,,SG-003,CAM-002,Team-D,Network Optimization,Cluster 3-5,,,,
272,ANDR-675,Ain Dar,On Production,490,2026-03-25,891,2.52,3690,6,9,CL-084,SG-005,CAM-003,Team-H,Pressure Management,ABQQ Field,,,,
273,ANDR-1433,Ain Dar,Shut-in,0,2026-03-05,625,1.87,6758,9,9,CL-050,,,,,,,,,short
274,ANDR-419,Ain Dar,On Production,408,2026-04-01,476,1.08,4816,8,5,CL-035,,,,,,,,,
275,ANDR-1217,Ain Dar,Mothball,0,2026-03-31,751,2.06,5073,7,7,CL-044,,,,,,,,,
276,ANDR-1229,Ain Dar,On Production,743,2026-03-24,1145,2.75,819,9,9,CL-031,SG-009,CAM-006,Team-K,Workover Campaign,Mature Wells,,yes,yes,
277,ANDR-1376,Ain Dar,Testing,405,2026-03-11,500,1.61,4267,8,4,CL-005,,,,,,,,,
278,ANDR-331,Ain Dar,On Production,1122,2026-03-08,1191,2.04,1036,7,9,CL-017,,,,,,,,,
279,ANDR-1628,Ain Dar,Locked Potential,0,2026-03-14,668,2.8,6471,9,6,,,,,,,,,,
280,ANDR-1673,Ain Dar,On Production,732,2026-04-04,852,1.45,3537,7,8,CL-081,,,,,,,,,
281,ANDR-819,Ain Dar,On Production,508,2026-03-06,868,2.42,6244,8,8,,,,,,,,,,
282,ANDR-106,Ain Dar,Standby,0,2026-03-30,754,2.25,7432,6,7,,,,,,,,,,
283,ANDR-1579,Ain Dar,Standby,0,2026-03-14,948,1.04,5825,9,8,,,,,,,,,,
284,ANDR-245,Ain Dar,On Production,598,2026-04-02,907,2.09,4943,6,8,CL-065,SG-001,CAM-001,Team-A,Preventive Maintenance,Sector North,,,,
285,ANDR-1220,Ain Dar,Shut-in,0,2026-03-22,660,2.32,7713,7,9,CL-014,,,,,,,,,extended
286,ANDR-261,Ain Dar,Mothball,0,2026-03-24,912,2.8,5095,6,8,,,,,,,,,,
287,ANDR-432,Ain Dar,On Production,675,2026-03-16,967,2.0,5494,7,9,CL-016,,,,,,,,,
288,ANDR-153,Ain Dar,Standby,0,2026-03-31,903,1.82,3656,7,8,,,,,,,,,,
289,ANDR-721,Ain Dar,Shut-in,0,2026-03-21,737,1.96,5960,6,5,,,,,,,,,,
290,ANDR-320,Ain Dar,Testing,243,2026-03-19,781,2.67,7740,6,8,CL-041,SG-002,CAM-001,Team-C,Preventive Maintenance,Sector North,,,,
291,ANDR-794,Ain Dar,On Production,784,2026-03-19,966,1.15,5963,7,8,CL-023,,,,,,,,,
292,ANDR-1046,Ain Dar,On Production,289,2026-03-23,491,2.95,5081,6,6,,,,,,,,,,
293,ANDR-1056,Ain Dar,On Production,406,2026-03-29,762,2.75,6190,8,9,CL-035,,,,,,,,,
294,ANDR-316,Ain Dar,On Production,362,2026-03-11,485,1.23,7486,7,3,CL-081,,,,,,,,,
295,ANDR-609,Ain Dar,Mothball,0,2026-03-12,532,1.34,5464,8,8,,,,,,,,,,
296,ANDR-232,Ain Dar,Shut-in,0,2026-03-18,575,1.19,7338,6,5,CL-045,SG-007,CAM-005,Team-J,Rig Mobilization,High-Value Wells,yes,yes,yes,
297,ANDR-1512,Ain Dar,Mothball,0,2026-03-18,1180,2.92,778,9,9,,,,,,,,,,
298,ANDR-1825,Ain Dar,Shut-in,0,2026-03-24,729,2.59,5463,6,8,,SG-001,CAM-001,Team-B,Preventive Maintenance,Sector North,,,,
299,ANDR-1446,Ain Dar,Shut-in,0,2026-03-21,1296,2.69,606,9,9,CL-066,SG-003,CAM-002,Team-E,Network Optimization,Cluster 3-5,,,,
300,ANDR-1882,Ain Dar,Shut-in,0,2026-03-17,636,1.76,6468,7,7,CL-028,SG-002,CAM-001,Team-C,Preventive Maintenance,Sector North,,,,extended
301,ABQQ-514,Abqaiq,Shut-in,0,2026-03-13,691,3.46,6635,4,8,,SG-003,CAM-002,Team-D,Network Optimization,Cluster 3-5,,,,
302,ABQQ-1296,Abqaiq,On Production,430,2026-03-23,644,3.96,3050,6,8,CL-054,,,,,,,,,
303,ABQQ-432,Abqaiq,On Production,468,2026-03-10,902,4.06,1133,5,6,CL-011,,,,,,,,,
304,ABQQ-1471,Abqaiq,On Production,265,2026-04-02,691,3.99,5627,4,7,CL-083,,,,,,,,,
305,ABQQ-208,Abqaiq,On Production,212,2026-03-22,638,4.8,5070,5,8,CL-043,,,,,,,,,
306,ABQQ-1536,Abqaiq,On Production,191,2026-03-23,645,3.47,3986,4,7,CL-002,,,,,,,,,
307,ABQQ-1763,Abqaiq,Standby,0,2026-03-25,694,3.65,4550,4,7,,,,,,,,,,
308,ABQQ-897,Abqaiq,On Production,287,2026-04-02,689,4.4,4835,7,5,CL-078,,,,,,,,,
309,ABQQ-216,Abqaiq,On Production,667,2026-03-19,872,4.94,1263,7,5,CL-003,SG-001,CAM-001,Team-C,Preventive Maintenance,Sector North,,,,
310,ABQQ-894,Abqaiq,Testing,238,2026-03-24,511,3.67,5000,6,4,CL-078,SG-001,CAM-001,Team-A,Preventive Maintenance,Sector North,,,,
311,ABQQ-1838,Abqaiq,On Production,844,2026-03-28,958,3.69,1170,6,9,CL-006,,,,,,,,,
312,ABQQ-362,Abqaiq,On Production,565,2026-03-30,948,4.45,1364,7,9,CL-026,SG-001,CAM-001,Team-A,Preventive Maintenance,Sector North,,,,
313,ABQQ-1778,Abqaiq,Locked Potential,0,2026-03-11,718,3.09,4853,5,4,,,,,,,,,,
314,ABQQ-1181,Abqaiq,On Production,568,2026-03-21,825,3.07,1148,4,8,,SG-001,CAM-001,Team-A,Preventive Maintenance,Sector North,,,,
315,ABQQ-1697,Abqaiq,On Production,146,2026-03-15,306,2.49,4575,6,3,CL-072,SG-003,CAM-002,Team-D,Network Optimization,Cluster 3-5,,,,
316,ABQQ-1639,Abqaiq,Shut-in,0,2026-03-25,706,2.56,6810,7,7,,SG-003,CAM-002,Team-E,Network Optimization,Cluster 3-5,,,,
317,ABQQ-1642,Abqaiq,Locked Potential,0,2026-03-25,573,2.57,6384,4,3,,,,,,,,,,
318,ABQQ-169,Abqaiq,Shut-in,0,2026-03-21,741,4.51,5411,7,5,CL-045,,,,,,,,,short
319,ABQQ-1815,Abqaiq,On Production,374,2026-03-17,711,4.87,3551,4,7,CL-026,,,,,,,,,
320,ABQQ-619,Abqaiq,Testing,48,2026-03-26,382,3.3,6396,5,5,CL-008,SG-003,CAM-002,Team-E,Network Optimization,Cluster 3-5,,,,
321,ABQQ-138,Abqaiq,Locked Potential,0,2026-04-03,715,2.52,6339,7,5,,,,,,,,,,
322,ABQQ-393,Abqaiq,Shut-in,0,2026-04-02,923,3.82,829,7,9,CL-012,SG-001,CAM-001,Team-B,Preventive Maintenance,Sector North,,,,
323,ABQQ-1875,Abqaiq,On Production,643,2026-03-16,971,4.75,1280,7,7,,SG-004,CAM-003,Team-G,Pressure Management,ABQQ Field,,,,
324,ABQQ-1393,Abqaiq,On Production,258,2026-03-17,745,4.91,4854,7,5,CL-003,,,,,,,,,
325,ABQQ-1810,Abqaiq,Shut-in,0,2026-03-21,915,4.66,1024,5,8,CL-009,SG-003,CAM-002,Team-D,Network Optimization,Cluster 3-5,,,,extended
326,ABQQ-1585,Abqaiq,On Production,164,2026-03-25,480,3.87,6190,5,6,CL-055,,,,,,,,,
327,ABQQ-1513,Abqaiq,On Production,816,2026-03-05,972,3.95,1481,4,7,CL-041,,,,,,,,,
328,ABQQ-205,Abqaiq,Shut-in,0,2026-03-10,723,3.69,5387,6,9,,,,,,,,,,
329,ABQQ-1351,Abqaiq,On Production,534,2026-03-19,736,3.27,3052,4,8,CL-059,,,,,,,,,
330,ABQQ-1040,Abqaiq,Shut-in,0,2026-03-13,357,2.16,4231,5,2,CL-053,SG-007,CAM-005,Team-J,Rig Mobilization,High-Value Wells,yes,yes,yes,
331,ABQQ-549,Abqaiq,Shut-in,0,2026-03-19,597,4.05,5599,6,4,,SG-003,CAM-002,Team-E,Network Optimization,Cluster 3-5,,,,
332,ABQQ-262,Abqaiq,Shut-in,0,2026-03-24,855,3.62,867,5,8,,SG-009,CAM-006,Team-K,Workover Campaign,Mature Wells,,,,
333,ABQQ-389,Abqaiq,On Production,865,2026-03-22,936,3.68,743,4,9,CL-054,,,,,,,,,
334,ABQQ-1695,Abqaiq,On Production,297,2026-03-10,741,3.16,6918,4,6,CL-068,,,,,,,,,
335,ABQQ-1342,Abqaiq,On Production,259,2026-03-25,561,2.61,6814,6,5,CL-021,SG-002,CAM-001,Team-C,Preventive Maintenance,Sector North,,,,
336,ABQQ-794,Abqaiq,Testing,129,2026-03-26,413,3.64,6471,5,3,CL-068,SG-001,CAM-001,Team-B,Preventive Maintenance,Sector North,,,,
337,ABQQ-972,Abqaiq,On Production,110,2026-03-25,494,2.53,7796,5,2,,SG-003,CAM-002,Team-D,Network Optimization,Cluster 3-5,,,,
338,ABQQ-779,Abqaiq,Shut-in,0,2026-03-06,560,2.36,5166,6,6,,SG-007,CAM-005,Team-J,Rig Mobilization,High-Value Wells,yes,yes,yes,
339,ABQQ-771,Abqaiq,On Production,305,2026-03-31,652,3.75,4044,7,5,CL-009,SG-008,CAM-006,Team-K,Workover Campaign,Mature Wells,,,,
340,ABQQ-1960,Abqaiq,Shut-in,0,2026-03-26,406,2.46,4629,4,4,CL-049,SG-003,CAM-002,Team-E,Network Optimization,Cluster 3-5,,,,extended
341,ABQQ-1658,Abqaiq,On Production,154,2026-03-09,724,3.88,6453,6,7,CL-044,SG-003,CAM-002,Team-F,Network Optimization,Cluster 3-5,,,,
342,ABQQ-819,Abqaiq,Standby,0,2026-03-09,835,4.12,1038,4,6,,,,,,,,,,
343,ABQQ-1701,Abqaiq,Shut-in,0,2026-04-02,567,2.48,7224,4,7,CL-015,,,,,,,,,extended
344,ABQQ-1433,Abqaiq,On Production,150,2026-03-24,502,4.65,7717,6,5,CL-052,,,,,,,,,
345,ABQQ-416,Abqaiq,Locked Potential,0,2026-03-30,670,4.85,5532,4,9,,,,,,,,,,
346,ABQQ-1349,Abqaiq,Shut-in,0,2026-03-20,650,3.04,3984,4,8,CL-038,SG-006,CAM-004,Team-I,Emergency Response,Critical Wells,,,,
347,ABQQ-240,Abqaiq,On Production,323,2026-04-02,714,2.96,6751,6,5,CL-084,,,,,,,,,
348,ABQQ-907,Abqaiq,Shut-in,0,2026-04-01,381,2.85,7732,7,5,,SG-003,CAM-002,Team-F,Network Optimization,Cluster 3-5,,,,
349,ABQQ-652,Abqaiq,On Production,205,2026-04-03,523,2.89,7668,4,4,CL-017,,,,,,,,,
350,ABQQ-1897,Abqaiq,On Production,250,2026-03-16,592,2.5,7203,4,6,CL-024,SG-004,CAM-003,Team-H,Pressure Management,ABQQ Field,,,,
351,ABQQ-266,Abqaiq,Locked Potential,0,2026-03-30,661,3.89,3873,5,7,,,,,,,,,,
352,ABQQ-1789,Abqaiq,On Production,209,2026-03-12,697,4.11,6998,5,7,CL-074,,,,,,,,,
353,ABQQ-520,Abqaiq,On Production,410,2026-03-14,640,4.15,3155,4,4,CL-061,,,,,,,,,
354,ABQQ-1992,Abqaiq,Shut-in,0,2026-03-21,657,2.76,3288,6,8,,SG-003,CAM-002,Team-F,Network Optimization,Cluster 3-5,,,,
355,ABQQ-1770,Abqaiq,On Production,391,2026-03-28,683,3.35,4656,4,8,CL-047,,,,,,,,,
356,ABQQ-1803,Abqaiq,On Production,854,2026-03-07,883,2.35,506,4,9,CL-047,,,,,,,,,
357,ABQQ-1376,Abqaiq,On Production,308,2026-03-21,716,2.22,6801,6,8,,SG-002,CAM-001,Team-B,Preventive Maintenance,Sector North,,,,
358,ABQQ-388,Abqaiq,On Production,674,2026-03-19,943,2.9,588,7,8,CL-064,,,,,,,,,
359,ABQQ-265,Abqaiq,Standby,0,2026-03-09,359,3.98,5941,5,3,,SG-002,CAM-001,Team-A,Preventive Maintenance,Sector North,,,,
360,ABQQ-719,Abqaiq,Shut-in,0,2026-03-08,652,3.17,6266,5,9,CL-018,,,,,,,,,medium
361,ABQQ-756,Abqaiq,Locked Potential,0,2026-03-20,494,4.66,7987,5,4,,,,,,,,,,
362,ABQQ-1567,Abqaiq,Shut-in,0,2026-03-13,318,2.02,6443,4,5,CL-018,SG-007,CAM-005,Team-J,Rig Mobilization,High-Value Wells,yes,yes,yes,extended
363,ABQQ-1871,Abqaiq,On Production,87,2026-03-26,495,4.24,7973,7,4,,SG-009,CAM-006,Team-K,Workover Campaign,Mature Wells,,,,
364,ABQQ-264,Abqaiq,On Production,177,2026-03-21,585,4.55,5583,5,3,,,,,,,,,,
365,ABQQ-1150,Abqaiq,Shut-in,0,2026-04-02,706,2.76,3469,7,5,CL-045,SG-003,CAM-002,Team-D,Network Optimization,Cluster 3-5,,,,short
366,ABQQ-1227,Abqaiq,On Production,461,2026-03-07,710,2.22,5751,4,5,,,,,,,,,,
367,ABQQ-127,Abqaiq,Mothball,0,2026-03-22,659,3.74,6897,5,7,,,,,,,,,,
368,ABQQ-614,Abqaiq,On Production,234,2026-03-28,550,2.7,6167,5,6,CL-083,SG-004,CAM-003,Team-H,Pressure Management,ABQQ Field,,,,
369,ABQQ-183,Abqaiq,On Production,781,2026-03-28,872,3.35,1131,6,7,CL-061,,,,,,,,,
370,ABQQ-201,Abqaiq,Shut-in,0,2026-03-10,946,4.88,672,5,6,CL-053,SG-005,CAM-003,Team-H,Pressure Management,ABQQ Field,,,,medium
371,ABQQ-139,Abqaiq,Shut-in,0,2026-03-06,417,4.14,6624,6,4,CL-030,SG-001,CAM-001,Team-B,Preventive Maintenance,Sector North,,,,extended
372,ABQQ-1712,Abqaiq,On Production,131,2026-03-11,652,4.2,6595,7,8,CL-003,SG-001,CAM-001,Team-A,Preventive Maintenance,Sector North,,,,
373,ABQQ-1459,Abqaiq,On Production,148,2026-03-07,503,2.92,7259,4,2,CL-068,SG-005,CAM-003,Team-H,Pressure Management,ABQQ Field,,,,
374,ABQQ-253,Abqaiq,On Production,102,2026-03-05,426,4.58,4573,6,4,CL-079,,,,,,,,,
375,ABQQ-1540,Abqaiq,Shut-in,0,2026-03-22,560,3.88,7979,4,2,,SG-003,CAM-002,Team-E,Network Optimization,Cluster 3-5,,,,
376,ABQQ-395,Abqaiq,On Production,821,2026-03-26,946,3.74,1287,4,9,CL-013,,,,,,,,,
377,ABQQ-344,Abqaiq,On Production,146,2026-03-15,382,3.63,6210,5,5,CL-085,,,,,,,,,
378,ABQQ-1468,Abqaiq,Mothball,0,2026-04-02,879,2.67,1290,5,9,,,,,,,,,,
379,ABQQ-611,Abqaiq,On Production,186,2026-04-04,519,3.53,6625,4,6,CL-060,,,,,,,,,
380,ABQQ-1588,Abqaiq,On Production,150,2026-03-13,712,4.54,6303,5,8,CL-074,SG-004,CAM-003,Team-H,Pressure Management,ABQQ Field,,,,
381,ABQQ-539,Abqaiq,On Production,357,2026-03-16,687,2.54,6885,7,8,CL-073,,,,,,,,,
382,ABQQ-684,Abqaiq,On Production,330,2026-03-30,590,2.12,6997,6,3,,SG-002,CAM-001,Team-B,Preventive Maintenance,Sector North,,,,
383,ABQQ-1087,Abqaiq,Shut-in,0,2026-03-24,679,2.13,3846,7,9,CL-008,SG-006,CAM-004,Team-I,Emergency Response,Critical Wells,,,,
384,ABQQ-638,Abqaiq,Shut-in,0,2026-03-18,690,3.36,3190,4,5,,,,,,,,,,
385,ABQQ-1399,Abqaiq,Mothball,0,2026-03-08,555,3.56,6120,5,6,,,,,,,,,,
386,ABQQ-750,Abqaiq,Testing,270,2026-03-24,679,3.14,5407,7,5,CL-047,SG-005,CAM-003,Team-H,Pressure Management,ABQQ Field,,,,
387,ABQQ-116,Abqaiq,On Production,491,2026-03-10,746,2.67,4662,7,7,CL-080,,,,,,,,,
388,ABQQ-346,Abqaiq,On Production,380,2026-03-11,726,4.66,3027,7,8,CL-068,SG-003,CAM-002,Team-D,Network Optimization,Cluster 3-5,,,,
389,ABQQ-1774,Abqaiq,Shut-in,0,2026-03-25,474,2.23,7635,5,4,,,,,,,,,,
390,ABQQ-460,Abqaiq,On Production,111,2026-03-25,478,3.09,7938,5,4,CL-072,,,,,,,,,
391,ABQQ-1179,Abqaiq,On Production,381,2026-03-13,684,2.99,3464,7,8,,SG-001,CAM-001,Team-B,Preventive Maintenance,Sector North,,,,
392,ABQQ-286,Abqaiq,On Production,164,2026-04-02,331,2.48,7413,5,3,CL-051,,,,,,,,,
393,ABQQ-1966,Abqaiq,Shut-in,0,2026-03-21,456,3.72,5659,4,5,,SG-002,CAM-001,Team-B,Preventive Maintenance,Sector North,,,,
394,ABQQ-306,Abqaiq,On Production,297,2026-03-10,433,2.44,4681,7,2,CL-026,,,,,,,,,
395,ABQQ-142,Abqaiq,On Production,228,2026-03-06,389,3.69,4076,5,2,CL-010,,,,,,,,,
396,ABQQ-507,Abqaiq,On Production,110,2026-03-20,367,4.98,7552,5,3,,,,,,,,,,
397,ABQQ-871,Abqaiq,Testing,607,2026-03-29,949,3.8,1313,6,9,CL-014,,,,,,,,,
398,ABQQ-982,Abqaiq,Testing,56,2026-03-08,475,4.06,6857,4,8,CL-030,SG-009,CAM-006,Team-K,Workover Campaign,Mature Wells,,,,
399,ABQQ-1279,Abqaiq,Testing,813,2026-03-10,859,3.16,611,7,5,CL-043,,,,,,,,,
400,ABQQ-509,Abqaiq,On Production,127,2026-03-07,573,3.82,5726,4,7,CL-070,SG-005,CAM-003,Team-H,Pressure Management,ABQQ Field,,,,
401,ABQQ-1347,Abqaiq,On Production,295,2026-03-20,736,3.59,6081,7,4,CL-039,,,,,,,,,
402,ABQQ-1531,Abqaiq,Shut-in,0,2026-03-27,711,4.71,5208,7,5,,SG-005,CAM-003,Team-H,Pressure Management,ABQQ Field,,,,
403,ABQQ-1744,Abqaiq,Shut-in,0,2026-03-22,880,2.13,1042,7,8,,SG-006,CAM-004,Team-I,Emergency Response,Critical Wells,,,,
404,ABQQ-716,Abqaiq,On Production,332,2026-03-18,726,3.14,5412,7,8,CL-016,SG-004,CAM-003,Team-H,Pressure Management,ABQQ Field,,,,
405,ABQQ-776,Abqaiq,On Production,409,2026-03-26,652,3.43,3952,7,5,,,,,,,,,,
406,ABQQ-834,Abqaiq,On Production,338,2026-03-30,666,2.02,6045,4,4,CL-027,,,,,,,,,
407,ABQQ-1359,Abqaiq,On Production,322,2026-04-03,679,2.62,6294,6,7,CL-031,SG-002,CAM-001,Team-B,Preventive Maintenance,Sector North,,,,
408,ABQQ-1933,Abqaiq,On Production,225,2026-03-16,649,3.28,5397,7,7,CL-076,SG-003,CAM-002,Team-F,Network Optimization,Cluster 3-5,,,,
409,ABQQ-1281,Abqaiq,On Production,794,2026-04-02,909,3.84,1196,7,8,CL-006,,,,,,,,,
410,ABQQ-1415,Abqaiq,On Production,225,2026-03-19,532,3.67,5732,7,6,CL-083,,,,,,,,,
411,ABQQ-131,Abqaiq,On Production,804,2026-03-08,863,2.92,852,4,8,CL-007,,,,,,,,,
412,ABQQ-1800,Abqaiq,Shut-in,0,2026-03-21,937,3.34,1216,5,6,,SG-002,CAM-001,Team-B,Preventive Maintenance,Sector North,,,,
413,ABQQ-168,Abqaiq,On Production,208,2026-03-11,694,4.36,6280,5,8,CL-023,,,,,,,,,
414,ABQQ-1370,Abqaiq,Testing,757,2026-03-05,883,3.91,1323,7,5,,,,,,,,,,
415,ABQQ-1619,Abqaiq,Shut-in,0,2026-03-31,438,3.31,4262,6,2,,SG-004,CAM-003,Team-G,Pressure Management,ABQQ Field,,,,
416,ABQQ-1971,Abqaiq,Shut-in,0,2026-03-24,646,2.11,4574,4,8,,SG-003,CAM-002,Team-F,Network Optimization,Cluster 3-5,,,,
417,ABQQ-881,Abqaiq,On Production,177,2026-03-17,591,4.46,7622,4,6,CL-080,,,,,,,,,
418,ABQQ-475,Abqaiq,Standby,0,2026-03-23,660,3.97,6292,5,9,,,,,,,,,,
419,ABQQ-385,Abqaiq,On Production,299,2026-03-05,641,3.8,5112,4,5,CL-008,,,,,,,,,
420,ABQQ-853,Abqaiq,On Production,105,2026-03-20,353,3.97,7996,6,1,CL-011,,,,,,,,,
421,ABQQ-675,Abqaiq,On Production,323,2026-03-27,725,3.06,4618,4,7,CL-029,SG-005,CAM-003,Team-H,Pressure Management,ABQQ Field,,,,
422,ABQQ-1720,Abqaiq,On Production,901,2026-03-29,935,2.21,592,6,9,,,,,,,,,,
423,ABQQ-1292,Abqaiq,Shut-in,0,2026-03-06,877,4.45,731,7,9,CL-075,,,,,,,,,short
424,ABQQ-1204,Abqaiq,Shut-in,0,2026-03-31,742,3.72,4069,4,6,CL-015,SG-006,CAM-004,Team-I,Emergency Response,Critical Wells,,,,
425,ABQQ-1462,Abqaiq,Shut-in,0,2026-03-30,908,3.51,848,6,6,CL-075,SG-003,CAM-002,Team-E,Network Optimization,Cluster 3-5,,,,short
426,ABQQ-1455,Abqaiq,Shut-in,0,2026-04-02,554,4.9,7306,6,5,CL-053,,,,,,,,,medium
427,ABQQ-1990,Abqaiq,Shut-in,0,2026-03-14,969,3.38,971,7,9,CL-067,SG-007,CAM-005,Team-J,Rig Mobilization,High-Value Wells,yes,yes,yes,
428,ABQQ-166,Abqaiq,On Production,430,2026-03-18,650,2.2,5595,6,5,,,,,,,,,,
429,ABQQ-407,Abqaiq,Locked Potential,0,2026-03-08,683,3.06,5194,5,5,,,,,,,,,,
430,ABQQ-826,Abqaiq,On Production,130,2026-03-10,343,3.2,7067,5,2,,,,,,,,,,
431,ABQQ-329,Abqaiq,Standby,0,2026-04-01,521,3.06,7349,5,4,,SG-004,CAM-003,Team-H,Pressure Management,ABQQ Field,,,,
432,ABQQ-1811,Abqaiq,Testing,363,2026-03-28,899,2.6,1253,5,7,CL-032,SG-003,CAM-002,Team-D,Network Optimization,Cluster 3-5,,,,
433,ABQQ-1026,Abqaiq,On Production,644,2026-03-18,859,4.5,1356,5,9,CL-027,SG-002,CAM-001,Team-C,Preventive Maintenance,Sector North,,,,
434,ABQQ-1478,Abqaiq,On Production,456,2026-03-31,725,2.36,3321,4,7,CL-016,,,,,,,,,
435,ABQQ-1088,Abqaiq,On Production,149,2026-03-26,577,3.11,6291,6,7,CL-055,SG-001,CAM-001,Team-B,Preventive Maintenance,Sector North,,,,
436,ABQQ-1538,Abqaiq,On Production,111,2026-03-11,373,4.95,7751,7,5,CL-069,,,,,,,,,
437,ABQQ-688,Abqaiq,On Production,225,2026-03-31,483,3.73,5221,7,7,,,,,,,,,,
438,ABQQ-1657,Abqaiq,On Production,372,2026-03-21,590,2.1,6422,5,7,,,,,,,,,,
439,ABQQ-629,Abqaiq,Testing,420,2026-03-31,688,2.36,5122,4,8,CL-028,SG-003,CAM-002,Team-E,Network Optimization,Cluster 3-5,,,,
440,ABQQ-1798,Abqaiq,Shut-in,0,2026-03-15,301,2.63,6379,6,1,CL-053,SG-005,CAM-003,Team-G,Pressure Management,ABQQ Field,,,,short
441,ABQQ-1786,Abqaiq,Testing,374,2026-03-22,706,2.78,5246,6,6,CL-017,SG-001,CAM-001,Team-C,Preventive Maintenance,Sector North,,,,
442,ABQQ-989,Abqaiq,On Production,812,2026-03-09,895,3.84,874,7,7,CL-051,,,,,,,,,
443,ABQQ-256,Abqaiq,On Production,144,2026-03-30,481,4.1,6524,6,5,CL-021,,,,,,,,,
444,ABQQ-631,Abqaiq,On Production,155,2026-03-08,517,3.71,7358,6,3,CL-061,,,,,,,,,
445,ABQQ-301,Abqaiq,Shut-in,0,2026-03-27,727,3.67,6507,5,7,CL-030,SG-003,CAM-002,Team-E,Network Optimization,Cluster 3-5,,,,
446,ABQQ-410,Abqaiq,On Production,312,2026-04-02,727,4.22,4937,7,4,,,,,,,,,,
447,ABQQ-272,Abqaiq,On Production,160,2026-03-31,693,4.99,6479,7,9,,SG-005,CAM-003,Team-G,Pressure Management,ABQQ Field,,,,
448,ABQQ-739,Abqaiq,Standby,0,2026-03-12,345,3.69,6325,4,1,,,,,,,,,,
449,ABQQ-1345,Abqaiq,On Production,308,2026-04-03,553,2.18,6041,4,7,CL-022,SG-002,CAM-001,Team-B,Preventive Maintenance,Sector North,,,,
450,ABQQ-1029,Abqaiq,On Production,141,2026-04-03,517,3.0,6478,6,6,CL-010,SG-001,CAM-001,Team-C,Preventive Maintenance,Sector North,,,,
451,ABQQ-1666,Abqaiq,Shut-in,0,2026-03-11,676,3.24,4438,5,8,CL-037,SG-003,CAM-002,Team-E,Network Optimization,Cluster 3-5,,,,short
452,ABQQ-1632,Abqaiq,On Production,494,2026-03-20,747,2.85,4331,7,9,,,,,,,,,,
453,ABQQ-1558,Abqaiq,On Production,472,2026-03-15,737,3.14,4173,5,7,CL-054,,,,,,,,,
454,ABQQ-1494,Abqaiq,On Production,269,2026-03-10,709,4.79,4727,4,9,CL-010,,,,,,,,,
455,ABQQ-174,Abqaiq,Shut-in,0,2026-03-30,646,3.03,4284,6,7,CL-019,SG-003,CAM-002,Team-F,Network Optimization,Cluster 3-5,,,,short
456,ABQQ-595,Abqaiq,Shut-in,0,2026-03-21,915,3.19,1408,7,9,CL-070,,,,,,,,,
457,ABQQ-721,Abqaiq,On Production,536,2026-03-25,684,2.55,3094,6,5,CL-042,,,,,,,,,
458,ABQQ-1326,Abqaiq,On Production,902,2026-03-23,966,4.1,581,7,6,CL-079,,,,,,,,,
459,ABQQ-479,Abqaiq,Shut-in,0,2026-03-18,315,2.19,7599,4,5,CL-037,,,,,,,,,short
460,ABQQ-347,Abqaiq,Testing,296,2026-04-01,640,3.19,6133,6,4,CL-043,,,,,,,,,
461,ABQQ-353,Abqaiq,On Production,141,2026-04-01,542,2.25,6596,5,4,CL-011,SG-004,CAM-003,Team-H,Pressure Management,ABQQ Field,,,,
462,ABQQ-493,Abqaiq,On Production,241,2026-03-28,410,3.33,4517,5,3,,,,,,,,,,
463,ABQQ-1923,Abqaiq,On Production,139,2026-03-09,454,3.99,6332,6,6,CL-024,,,,,,,,,
464,ABQQ-691,Abqaiq,Shut-in,0,2026-03-12,532,2.41,7857,7,6,,SG-003,CAM-002,Team-E,Network Optimization,Cluster 3-5,,,,
465,ABQQ-627,Abqaiq,On Production,305,2026-03-20,708,3.91,5310,6,8,CL-048,,,,,,,,,
466,ABQQ-1509,Abqaiq,On Production,520,2026-04-02,691,2.68,3366,6,8,CL-001,,,,,,,,,
467,ABQQ-1517,Abqaiq,On Production,278,2026-03-05,683,2.47,3043,6,4,CL-071,,,,,,,,,
468,ABQQ-697,Abqaiq,On Production,147,2026-04-03,493,3.61,7817,6,6,CL-082,,,,,,,,,
469,ABQQ-606,Abqaiq,On Production,766,2026-03-26,826,3.29,799,4,9,CL-046,,,,,,,,,
470,ABQQ-967,Abqaiq,On Production,817,2026-03-22,907,2.57,1403,7,9,CL-017,,,,,,,,,
471,ABQQ-370,Abqaiq,Shut-in,0,2026-03-11,337,4.14,6645,5,4,CL-008,SG-006,CAM-004,Team-I,Emergency Response,Critical Wells,,,,
472,ABQQ-146,Abqaiq,On Production,429,2026-04-03,667,3.27,3981,6,9,CL-001,,,,,,,,,
473,ABQQ-1199,Abqaiq,On Production,217,2026-03-18,547,3.6,6101,4,5,,,,,,,,,,
474,ABQQ-495,Abqaiq,On Production,84,2026-03-21,327,2.87,6608,7,5,CL-030,SG-005,CAM-003,Team-H,Pressure Management,ABQQ Field,,,,
475,ABQQ-1286,Abqaiq,Locked Potential,0,2026-03-09,490,3.87,5769,5,4,,,,,,,,,,
476,ABQQ-1696,Abqaiq,On Production,775,2026-03-31,832,3.6,690,6,6,CL-042,,,,,,,,,
477,ABQQ-1403,Abqaiq,Shut-in,0,2026-03-24,318,3.32,4033,5,1,,,,,,,,,,
478,ABQQ-1374,Abqaiq,Shut-in,0,2026-03-29,827,2.65,930,6,8,,SG-006,CAM-004,Team-I,Emergency Response,Critical Wells,,,,
479,ABQQ-1411,Abqaiq,On Production,132,2026-04-03,519,4.37,6352,4,2,CL-076,SG-002,CAM-001,Team-B,Preventive Maintenance,Sector North,,,,
480,ABQQ-1823,Abqaiq,Standby,0,2026-03-20,667,3.18,5224,5,7,,SG-003,CAM-002,Team-D,Network Optimization,Cluster 3-5,,,,
481,ABQQ-252,Abqaiq,Shut-in,0,2026-03-31,738,2.75,4562,5,4,CL-058,SG-007,CAM-005,Team-J,Rig Mobilization,High-Value Wells,yes,yes,yes,
482,ABQQ-727,Abqaiq,On Production,141,2026-03-30,507,4.92,6012,7,2,CL-069,SG-001,CAM-001,Team-B,Preventive Maintenance,Sector North,,,,
483,ABQQ-731,Abqaiq,Shut-in,0,2026-03-17,720,2.28,5727,7,6,CL-019,,,,,,,,,short
484,ABQQ-948,Abqaiq,Testing,465,2026-03-18,714,2.94,4323,4,5,,,,,,,,,,
485,ABQQ-676,Abqaiq,Shut-in,0,2026-03-20,487,3.92,5813,5,4,CL-023,SG-006,CAM-004,Team-I,Emergency Response,Critical Wells,,,,
486,ABQQ-1377,Abqaiq,Locked Potential,0,2026-03-25,746,2.71,4778,5,6,,,,,,,,,,
487,ABQQ-1426,Abqaiq,On Production,381,2026-03-26,726,3.75,4621,4,5,CL-006,,,,,,,,,
488,ABQQ-1742,Abqaiq,On Production,217,2026-03-16,702,4.07,5819,6,8,CL-004,SG-002,CAM-001,Team-A,Preventive Maintenance,Sector North,,,,
489,ABQQ-1794,Abqaiq,Shut-in,0,2026-03-17,565,2.75,7047,6,4,,SG-003,CAM-002,Team-D,Network Optimization,Cluster 3-5,,,,
490,ABQQ-1738,Abqaiq,Shut-in,0,2026-04-03,589,4.99,7560,6,2,,SG-004,CAM-003,Team-H,Pressure Management,ABQQ Field,,,,
491,ABQQ-1174,Abqaiq,Testing,213,2026-03-15,710,4.1,6241,7,4,CL-060,,,,,,,,,
492,ABQQ-1793,Abqaiq,Testing,74,2026-03-31,334,4.95,7229,5,3,CL-028,SG-008,CAM-006,Team-K,Workover Campaign,Mature Wells,,,,
493,ABQQ-1248,Abqaiq,On Production,143,2026-03-17,453,3.13,7967,4,4,CL-031,,,,,,,,,
494,ABQQ-1112,Abqaiq,Shut-in,0,2026-04-04,372,3.31,5207,7,6,CL-050,SG-007,CAM-005,Team-J,Rig Mobilization,High-Value Wells,yes,yes,yes,
495,ABQQ-528,Abqaiq,On Production,203,2026-03-22,328,2.56,5424,7,4,,,,,,,,,,
496,ABQQ-1420,Abqaiq,On Production,102,2026-03-11,341,4.49,7745,4,4,,,,,,,,,,
497,ABQQ-1482,Abqaiq,On Production,792,2026-03-13,904,3.35,1339,7,8,CL-078,,,,,,,,,
498,ABQQ-312,Abqaiq,On Production,120,2026-03-25,450,3.91,6552,6,3,CL-024,SG-001,CAM-001,Team-A,Preventive Maintenance,Sector North,,,,
499,ABQQ-1489,Abqaiq,Shut-in,0,2026-03-19,941,2.72,1238,5,6,,,,,,,,,,
500,ABQQ-277,Abqaiq,On Production,161,2026-03-06,528,3.49,7258,6,5,CL-074,,,,,,,,,
